vege_name,state,unit,date,max_price,average_price,min_price
holland sweet potato,"JOHOR BAHRU, JOHOR",KILOGRAM,9/6/2022,5.5,5.25,5
holland sweet potato,"KOTA SETAR, KEDAH",KILOGRAM,9/6/2022,3,3,3
holland sweet potato,"KOTA BHARU, KELANTAN",KILOGRAM,9/6/2022,4,4,4
holland sweet potato,"MELAKA TENGAH, MELAKA",KILOGRAM,9/6/2022,3,3,3
holland sweet potato,"SEREMBAN, NEGERI SEMBILAN",KILOGRAM,9/6/2022,4,3.75,3.5
holland sweet potato,"KUANTAN, PAHANG",KILOGRAM,9/6/2022,3,3,3
holland sweet potato,"SEBERANG PERAI TENGAH, PULAU PINANG",KILOGRAM,9/6/2022,3.5,3.25,3
holland sweet potato,"KINTA, PERAK",KILOGRAM,9/6/2022,3,3,3
holland sweet potato,"PERLIS, PERLIS",KILOGRAM,9/6/2022,3,3,3
holland sweet potato,"GOMBAK, SELANGOR",KILOGRAM,9/6/2022,3.8,3.8,3.8
holland sweet potato,"KLANG, SELANGOR",KILOGRAM,9/6/2022,4,3.9,3.8
holland sweet potato,"PETALING, SELANGOR",KILOGRAM,9/6/2022,4,4,4
holland sweet potato,"KUALA TERENGGANU, TERENGGANU",KILOGRAM,9/6/2022,4,4,3
holland sweet potato,"KOTA KINABALU, SABAH",KILOGRAM,9/6/2022,5,4.5,4.5
holland sweet potato,"KUCHING, SARAWAK",KILOGRAM,9/6/2022,3.6,3.6,3.6
holland sweet potato,"SIBU, SARAWAK",KILOGRAM,9/6/2022,2.9,2.9,2.9
holland sweet potato,"MIRI, SARAWAK",KILOGRAM,9/6/2022,3,3,3
holland sweet potato,"KUALA LUMPUR, W.P. KUALA LUMPUR",KILOGRAM,9/6/2022,4.5,4.5,4.5
holland sweet potato,"LABUAN, W.P. LABUAN",KILOGRAM,9/6/2022,5,4.5,4
yellow / holland onion,"JOHOR BAHRU, JOHOR",KILOGRAM,9/6/2022,5.5,5.25,5
yellow / holland onion,"KOTA SETAR, KEDAH",KILOGRAM,9/6/2022,5,5,5
yellow / holland onion,"KOTA BHARU, KELANTAN",KILOGRAM,9/6/2022,5,4.5,4.5
yellow / holland onion,"MELAKA TENGAH, MELAKA",KILOGRAM,9/6/2022,4.5,4.5,4.5
yellow / holland onion,"SEREMBAN, NEGERI SEMBILAN",KILOGRAM,9/6/2022,4.5,4.25,4
yellow / holland onion,"KUANTAN, PAHANG",KILOGRAM,9/6/2022,4,4,4
yellow / holland onion,"SEBERANG PERAI TENGAH, PULAU PINANG",KILOGRAM,9/6/2022,5,4.5,4
yellow / holland onion,"KINTA, PERAK",KILOGRAM,9/6/2022,4,4,4
yellow / holland onion,"PERLIS, PERLIS",KILOGRAM,9/6/2022,4.5,4.5,4.5
yellow / holland onion,"GOMBAK, SELANGOR",KILOGRAM,9/6/2022,4,4,4
yellow / holland onion,"KLANG, SELANGOR",KILOGRAM,9/6/2022,4,3.95,3.9
yellow / holland onion,"PETALING, SELANGOR",KILOGRAM,9/6/2022,4.5,4.25,4
yellow / holland onion,"KUALA TERENGGANU, TERENGGANU",KILOGRAM,9/6/2022,5,4.5,4.5
yellow / holland onion,"KOTA KINABALU, SABAH",KILOGRAM,9/6/2022,7,6,6
yellow / holland onion,"KUCHING, SARAWAK",KILOGRAM,9/6/2022,3.6,3.6,3.6
yellow / holland onion,"SIBU, SARAWAK",KILOGRAM,9/6/2022,3.3,3.3,3.3
yellow / holland onion,"MIRI, SARAWAK",KILOGRAM,9/6/2022,5,5,5
yellow / holland onion,"KUALA LUMPUR, W.P. KUALA LUMPUR",KILOGRAM,9/6/2022,4.5,4.25,4
yellow / holland onion,"LABUAN, W.P. LABUAN",KILOGRAM,9/6/2022,6,6,6
red onion import,"JOHOR BAHRU, JOHOR",KILOGRAM,9/6/2022,6,5.5,5
red onion import,"KOTA SETAR, KEDAH",KILOGRAM,9/6/2022,4,4,4
red onion import,"KOTA BHARU, KELANTAN",KILOGRAM,9/6/2022,0,0,0
red onion import,"MELAKA TENGAH, MELAKA",KILOGRAM,9/6/2022,0,0,0
red onion import,"SEREMBAN, NEGERI SEMBILAN",KILOGRAM,9/6/2022,0,0,0
red onion import,"KUANTAN, PAHANG",KILOGRAM,9/6/2022,0,0,0
red onion import,"SEBERANG PERAI TENGAH, PULAU PINANG",KILOGRAM,9/6/2022,3.5,3.25,3
red onion import,"KINTA, PERAK",KILOGRAM,9/6/2022,0,0,0
red onion import,"PERLIS, PERLIS",KILOGRAM,9/6/2022,4,4,4
red onion import,"GOMBAK, SELANGOR",KILOGRAM,9/6/2022,3.5,3.5,3.5
red onion import,"KLANG, SELANGOR",KILOGRAM,9/6/2022,3.9,3.9,3.9
red onion import,"PETALING, SELANGOR",KILOGRAM,9/6/2022,4,4,4
red onion import,"KUALA TERENGGANU, TERENGGANU",KILOGRAM,9/6/2022,4,4,4
red onion import,"KOTA KINABALU, SABAH",KILOGRAM,9/6/2022,7,7,6
red onion import,"KUCHING, SARAWAK",KILOGRAM,9/6/2022,0,0,0
red onion import,"SIBU, SARAWAK",KILOGRAM,9/6/2022,0,0,0
red onion import,"MIRI, SARAWAK",KILOGRAM,9/6/2022,0,0,0
red onion import,"KUALA LUMPUR, W.P. KUALA LUMPUR",KILOGRAM,9/6/2022,4,4,4
red onion import,"LABUAN, W.P. LABUAN",KILOGRAM,9/6/2022,0,0,0
India red onion,"JOHOR BAHRU, JOHOR",KILOGRAM,9/6/2022,6,5.5,5
India red onion,"KOTA SETAR, KEDAH",KILOGRAM,9/6/2022,0,0,0
India red onion,"KOTA BHARU, KELANTAN",KILOGRAM,9/6/2022,5,4.5,4.5
India red onion,"MELAKA TENGAH, MELAKA",KILOGRAM,9/6/2022,4,4,4
India red onion,"SEREMBAN, NEGERI SEMBILAN",KILOGRAM,9/6/2022,4,3.75,3.5
India red onion,"KUANTAN, PAHANG",KILOGRAM,9/6/2022,3,3,3
India red onion,"SEBERANG PERAI TENGAH, PULAU PINANG",KILOGRAM,9/6/2022,4,3.75,3.5
India red onion,"KINTA, PERAK",KILOGRAM,9/6/2022,3,3,3
India red onion,"PERLIS, PERLIS",KILOGRAM,9/6/2022,4,4,4
India red onion,"GOMBAK, SELANGOR",KILOGRAM,9/6/2022,4,4,4
India red onion,"KLANG, SELANGOR",KILOGRAM,9/6/2022,4,4,4
India red onion,"PETALING, SELANGOR",KILOGRAM,9/6/2022,4,4,4
India red onion,"KUALA TERENGGANU, TERENGGANU",KILOGRAM,9/6/2022,4,4,4
India red onion,"KOTA KINABALU, SABAH",KILOGRAM,9/6/2022,7,6,6
India red onion,"KUCHING, SARAWAK",KILOGRAM,9/6/2022,5.5,5.5,5.5
India red onion,"SIBU, SARAWAK",KILOGRAM,9/6/2022,4.5,4.5,4.5
India red onion,"MIRI, SARAWAK",KILOGRAM,9/6/2022,5,5,5
India red onion,"KUALA LUMPUR, W.P. KUALA LUMPUR",KILOGRAM,9/6/2022,4,4,4
India red onion,"LABUAN, W.P. LABUAN",KILOGRAM,9/6/2022,6,6,6
green chili,"JOHOR BAHRU, JOHOR",KILOGRAM,9/6/2022,14,13.5,13
green chili,"KOTA SETAR, KEDAH",KILOGRAM,9/6/2022,13,12,12
green chili,"KOTA BHARU, KELANTAN",KILOGRAM,9/6/2022,0,0,0
green chili,"MELAKA TENGAH, MELAKA",KILOGRAM,9/6/2022,12,12,12
green chili,"SEREMBAN, NEGERI SEMBILAN",KILOGRAM,9/6/2022,11,10.5,10
green chili,"KUANTAN, PAHANG",KILOGRAM,9/6/2022,12,11,10
green chili,"SEBERANG PERAI TENGAH, PULAU PINANG",KILOGRAM,9/6/2022,15,14,12
green chili,"KINTA, PERAK",KILOGRAM,9/6/2022,10,10,9
green chili,"PERLIS, PERLIS",KILOGRAM,9/6/2022,0,0,0
green chili,"GOMBAK, SELANGOR",KILOGRAM,9/6/2022,12,11.5,11
green chili,"KLANG, SELANGOR",KILOGRAM,9/6/2022,10,9.5,9
green chili,"PETALING, SELANGOR",KILOGRAM,9/6/2022,10,10,10
green chili,"KUALA TERENGGANU, TERENGGANU",KILOGRAM,9/6/2022,0,0,0
green chili,"KOTA KINABALU, SABAH",KILOGRAM,9/6/2022,18,17,17
green chili,"KUCHING, SARAWAK",KILOGRAM,9/6/2022,0,0,0
green chili,"SIBU, SARAWAK",KILOGRAM,9/6/2022,11,11,11
green chili,"MIRI, SARAWAK",KILOGRAM,9/6/2022,20,20,20
green chili,"KUALA LUMPUR, W.P. KUALA LUMPUR",KILOGRAM,9/6/2022,12,12,12
green chili,"LABUAN, W.P. LABUAN",KILOGRAM,9/6/2022,0,0,0
red chili kulai / kulai hybrid,"JOHOR BAHRU, JOHOR",KILOGRAM,9/6/2022,16,15.5,15
red chili kulai / kulai hybrid,"KOTA SETAR, KEDAH",KILOGRAM,9/6/2022,17,16,16
red chili kulai / kulai hybrid,"KOTA BHARU, KELANTAN",KILOGRAM,9/6/2022,16,15,15
red chili kulai / kulai hybrid,"MELAKA TENGAH, MELAKA",KILOGRAM,9/6/2022,15,15,13
red chili kulai / kulai hybrid,"SEREMBAN, NEGERI SEMBILAN",KILOGRAM,9/6/2022,18,17,16
red chili kulai / kulai hybrid,"KUANTAN, PAHANG",KILOGRAM,9/6/2022,17,17,16
red chili kulai / kulai hybrid,"SEBERANG PERAI TENGAH, PULAU PINANG",KILOGRAM,9/6/2022,18,17,16
red chili kulai / kulai hybrid,"KINTA, PERAK",KILOGRAM,9/6/2022,17,16,15
red chili kulai / kulai hybrid,"PERLIS, PERLIS",KILOGRAM,9/6/2022,20,18,18
red chili kulai / kulai hybrid,"GOMBAK, SELANGOR",KILOGRAM,9/6/2022,16,16,16
red chili kulai / kulai hybrid,"KLANG, SELANGOR",KILOGRAM,9/6/2022,15,14.5,14
red chili kulai / kulai hybrid,"PETALING, SELANGOR",KILOGRAM,9/6/2022,15,14.5,14
red chili kulai / kulai hybrid,"KUALA TERENGGANU, TERENGGANU",KILOGRAM,9/6/2022,15,15,14
red chili kulai / kulai hybrid,"KOTA KINABALU, SABAH",KILOGRAM,9/6/2022,18,17,17
red chili kulai / kulai hybrid,"KUCHING, SARAWAK",KILOGRAM,9/6/2022,26,24,22
red chili kulai / kulai hybrid,"SIBU, SARAWAK",KILOGRAM,9/6/2022,0,0,0
red chili kulai / kulai hybrid,"MIRI, SARAWAK",KILOGRAM,9/6/2022,0,0,0
red chili kulai / kulai hybrid,"KUALA LUMPUR, W.P. KUALA LUMPUR",KILOGRAM,9/6/2022,14,14,14
red chili kulai / kulai hybrid,"LABUAN, W.P. LABUAN",KILOGRAM,9/6/2022,0,0,0
garlic,"JOHOR BAHRU, JOHOR",KILOGRAM,9/6/2022,12,11,10
garlic,"KOTA SETAR, KEDAH",KILOGRAM,9/6/2022,9,8.5,8.5
garlic,"KOTA BHARU, KELANTAN",KILOGRAM,9/6/2022,6,5.5,5.5
garlic,"MELAKA TENGAH, MELAKA",KILOGRAM,9/6/2022,8.5,8.5,8.5
garlic,"SEREMBAN, NEGERI SEMBILAN",KILOGRAM,9/6/2022,9,8.5,8
garlic,"KUANTAN, PAHANG",KILOGRAM,9/6/2022,8,8,8
garlic,"SEBERANG PERAI TENGAH, PULAU PINANG",KILOGRAM,9/6/2022,9,8.5,8
garlic,"KINTA, PERAK",KILOGRAM,9/6/2022,8,8,8
garlic,"PERLIS, PERLIS",KILOGRAM,9/6/2022,8.5,8.5,8.5
garlic,"GOMBAK, SELANGOR",KILOGRAM,9/6/2022,10,9.25,8.5
garlic,"KLANG, SELANGOR",KILOGRAM,9/6/2022,9,8.75,8.5
garlic,"PETALING, SELANGOR",KILOGRAM,9/6/2022,8,8,8
garlic,"KUALA TERENGGANU, TERENGGANU",KILOGRAM,9/6/2022,10,9,9
garlic,"KOTA KINABALU, SABAH",KILOGRAM,9/6/2022,10,9,9
garlic,"KUCHING, SARAWAK",KILOGRAM,9/6/2022,9,8.5,8
garlic,"SIBU, SARAWAK",KILOGRAM,9/6/2022,7,7,7
garlic,"MIRI, SARAWAK",KILOGRAM,9/6/2022,7,7,7
garlic,"KUALA LUMPUR, W.P. KUALA LUMPUR",KILOGRAM,9/6/2022,10,10,10
garlic,"LABUAN, W.P. LABUAN",KILOGRAM,9/6/2022,10,9.5,9
coriander,"JOHOR BAHRU, JOHOR",KILOGRAM,9/6/2022,10,9,8
coriander,"KOTA SETAR, KEDAH",KILOGRAM,9/6/2022,12,11,11
coriander,"KOTA BHARU, KELANTAN",KILOGRAM,9/6/2022,9,8,8
coriander,"MELAKA TENGAH, MELAKA",KILOGRAM,9/6/2022,10,10,10
coriander,"SEREMBAN, NEGERI SEMBILAN",KILOGRAM,9/6/2022,7,6.5,6
coriander,"KUANTAN, PAHANG",KILOGRAM,9/6/2022,15,14,13
coriander,"SEBERANG PERAI TENGAH, PULAU PINANG",KILOGRAM,9/6/2022,12,10,8
coriander,"KINTA, PERAK",KILOGRAM,9/6/2022,8,8,8
coriander,"PERLIS, PERLIS",KILOGRAM,9/6/2022,15,15,15
coriander,"GOMBAK, SELANGOR",KILOGRAM,9/6/2022,6,6,6
coriander,"KLANG, SELANGOR",KILOGRAM,9/6/2022,9,8.5,8
coriander,"PETALING, SELANGOR",KILOGRAM,9/6/2022,8,8,8
coriander,"KUALA TERENGGANU, TERENGGANU",KILOGRAM,9/6/2022,10,9,9
coriander,"KOTA KINABALU, SABAH",KILOGRAM,9/6/2022,12,12,11
coriander,"KUCHING, SARAWAK",KILOGRAM,9/6/2022,36,35.5,35
coriander,"SIBU, SARAWAK",KILOGRAM,9/6/2022,25,25,25
coriander,"MIRI, SARAWAK",KILOGRAM,9/6/2022,13,13,13
coriander,"KUALA LUMPUR, W.P. KUALA LUMPUR",KILOGRAM,9/6/2022,10,8.5,7
coriander,"LABUAN, W.P. LABUAN",KILOGRAM,9/6/2022,15,14,13
okra ,"JOHOR BAHRU, JOHOR",KILOGRAM,9/6/2022,10,9.5,9
okra ,"KOTA SETAR, KEDAH",KILOGRAM,9/6/2022,9.5,9,9
okra ,"KOTA BHARU, KELANTAN",KILOGRAM,9/6/2022,7,6,6
okra ,"MELAKA TENGAH, MELAKA",KILOGRAM,9/6/2022,8,8,7.5
okra ,"SEREMBAN, NEGERI SEMBILAN",KILOGRAM,9/6/2022,9,8.5,8
okra ,"KUANTAN, PAHANG",KILOGRAM,9/6/2022,9,9,9
okra ,"SEBERANG PERAI TENGAH, PULAU PINANG",KILOGRAM,9/6/2022,12,10,9
okra ,"KINTA, PERAK",KILOGRAM,9/6/2022,10,9,9
okra ,"PERLIS, PERLIS",KILOGRAM,9/6/2022,8,7.5,7.5
okra ,"GOMBAK, SELANGOR",KILOGRAM,9/6/2022,8.4,7.7,7
okra ,"KLANG, SELANGOR",KILOGRAM,9/6/2022,7,6.5,6
okra ,"PETALING, SELANGOR",KILOGRAM,9/6/2022,9.5,9.25,9
okra ,"KUALA TERENGGANU, TERENGGANU",KILOGRAM,9/6/2022,14,12,12
okra ,"KOTA KINABALU, SABAH",KILOGRAM,9/6/2022,6,5,5
okra ,"KUCHING, SARAWAK",KILOGRAM,9/6/2022,14,13,12
okra ,"SIBU, SARAWAK",KILOGRAM,9/6/2022,6,6,6
okra ,"MIRI, SARAWAK",KILOGRAM,9/6/2022,9,9,9
okra ,"KUALA LUMPUR, W.P. KUALA LUMPUR",KILOGRAM,9/6/2022,12,11,10
okra ,"LABUAN, W.P. LABUAN",KILOGRAM,9/6/2022,8,7.5,7
green bean / string bean,"JOHOR BAHRU, JOHOR",KILOGRAM,9/6/2022,13,12.5,12
green bean / string bean,"KOTA SETAR, KEDAH",KILOGRAM,9/6/2022,14,13,13
green bean / string bean,"KOTA BHARU, KELANTAN",KILOGRAM,9/6/2022,15,14,14
green bean / string bean,"MELAKA TENGAH, MELAKA",KILOGRAM,9/6/2022,13,13,13
green bean / string bean,"SEREMBAN, NEGERI SEMBILAN",KILOGRAM,9/6/2022,15,14.5,14
green bean / string bean,"KUANTAN, PAHANG",KILOGRAM,9/6/2022,13,13,13
green bean / string bean,"SEBERANG PERAI TENGAH, PULAU PINANG",KILOGRAM,9/6/2022,16,13,10
green bean / string bean,"KINTA, PERAK",KILOGRAM,9/6/2022,14,13,12
green bean / string bean,"PERLIS, PERLIS",KILOGRAM,9/6/2022,15,15,15
green bean / string bean,"GOMBAK, SELANGOR",KILOGRAM,9/6/2022,7.6,7.3,7
green bean / string bean,"KLANG, SELANGOR",KILOGRAM,9/6/2022,11,10.5,10
green bean / string bean,"PETALING, SELANGOR",KILOGRAM,9/6/2022,11,11,11
green bean / string bean,"KUALA TERENGGANU, TERENGGANU",KILOGRAM,9/6/2022,14,14,13
green bean / string bean,"KOTA KINABALU, SABAH",KILOGRAM,9/6/2022,9.5,9,9
green bean / string bean,"KUCHING, SARAWAK",KILOGRAM,9/6/2022,14,13.5,13
green bean / string bean,"SIBU, SARAWAK",KILOGRAM,9/6/2022,13.5,13.5,13.5
green bean / string bean,"MIRI, SARAWAK",KILOGRAM,9/6/2022,8,8,8
green bean / string bean,"KUALA LUMPUR, W.P. KUALA LUMPUR",KILOGRAM,9/6/2022,15,12.5,10
green bean / string bean,"LABUAN, W.P. LABUAN",KILOGRAM,9/6/2022,8,7.5,7
long beans,"JOHOR BAHRU, JOHOR",KILOGRAM,9/6/2022,10,9.5,9
long beans,"KOTA SETAR, KEDAH",KILOGRAM,9/6/2022,9,8,8
long beans,"KOTA BHARU, KELANTAN",KILOGRAM,9/6/2022,7,6,6
long beans,"MELAKA TENGAH, MELAKA",KILOGRAM,9/6/2022,8,7.5,7.5
long beans,"SEREMBAN, NEGERI SEMBILAN",KILOGRAM,9/6/2022,6,6,6
long beans,"KUANTAN, PAHANG",KILOGRAM,9/6/2022,9,8,8
long beans,"SEBERANG PERAI TENGAH, PULAU PINANG",KILOGRAM,9/6/2022,11,10,8
long beans,"KINTA, PERAK",KILOGRAM,9/6/2022,10,10,10
long beans,"PERLIS, PERLIS",KILOGRAM,9/6/2022,8,7,7
long beans,"GOMBAK, SELANGOR",KILOGRAM,9/6/2022,6,5.5,5
long beans,"KLANG, SELANGOR",KILOGRAM,9/6/2022,7,6.75,6.5
long beans,"PETALING, SELANGOR",KILOGRAM,9/6/2022,8,7.5,7
long beans,"KUALA TERENGGANU, TERENGGANU",KILOGRAM,9/6/2022,8,8,7
long beans,"KOTA KINABALU, SABAH",KILOGRAM,9/6/2022,6,6,5
long beans,"KUCHING, SARAWAK",KILOGRAM,9/6/2022,8,7.5,7
long beans,"SIBU, SARAWAK",KILOGRAM,9/6/2022,7,7,7
long beans,"MIRI, SARAWAK",KILOGRAM,9/6/2022,8,8,8
long beans,"KUALA LUMPUR, W.P. KUALA LUMPUR",KILOGRAM,9/6/2022,8,8,8
long beans,"LABUAN, W.P. LABUAN",KILOGRAM,9/6/2022,7,6.5,6
luffa,"JOHOR BAHRU, JOHOR",KILOGRAM,9/6/2022,8,7.5,7
luffa,"KOTA SETAR, KEDAH",KILOGRAM,9/6/2022,6,5.5,5.5
luffa,"KOTA BHARU, KELANTAN",KILOGRAM,9/6/2022,3.5,3,3
luffa,"MELAKA TENGAH, MELAKA",KILOGRAM,9/6/2022,6,6,5
luffa,"SEREMBAN, NEGERI SEMBILAN",KILOGRAM,9/6/2022,7,6.5,6
luffa,"KUANTAN, PAHANG",KILOGRAM,9/6/2022,7,6,6
luffa,"SEBERANG PERAI TENGAH, PULAU PINANG",KILOGRAM,9/6/2022,4,4,4
luffa,"KINTA, PERAK",KILOGRAM,9/6/2022,7,6.5,6
luffa,"PERLIS, PERLIS",KILOGRAM,9/6/2022,5,5,5
luffa,"GOMBAK, SELANGOR",KILOGRAM,9/6/2022,6,5.5,5
luffa,"KLANG, SELANGOR",KILOGRAM,9/6/2022,6.5,6.25,6
luffa,"PETALING, SELANGOR",KILOGRAM,9/6/2022,7,7,7
luffa,"KUALA TERENGGANU, TERENGGANU",KILOGRAM,9/6/2022,5,5,4
luffa,"KOTA KINABALU, SABAH",KILOGRAM,9/6/2022,5,5,4.5
luffa,"KUCHING, SARAWAK",KILOGRAM,9/6/2022,8,8,8
luffa,"SIBU, SARAWAK",KILOGRAM,9/6/2022,7.1,7.1,7.1
luffa,"MIRI, SARAWAK",KILOGRAM,9/6/2022,5,5,5
luffa,"KUALA LUMPUR, W.P. KUALA LUMPUR",KILOGRAM,9/6/2022,8,8,8
luffa,"LABUAN, W.P. LABUAN",KILOGRAM,9/6/2022,6,6,6
China round cabbage,"JOHOR BAHRU, JOHOR",KILOGRAM,9/6/2022,4,3.75,3.5
China round cabbage,"KOTA SETAR, KEDAH",KILOGRAM,9/6/2022,4,4,4
China round cabbage,"KOTA BHARU, KELANTAN",KILOGRAM,9/6/2022,5,4.5,4.5
China round cabbage,"MELAKA TENGAH, MELAKA",KILOGRAM,9/6/2022,4,4,4
China round cabbage,"SEREMBAN, NEGERI SEMBILAN",KILOGRAM,9/6/2022,0,0,0
China round cabbage,"KUANTAN, PAHANG",KILOGRAM,9/6/2022,4,4,4
China round cabbage,"SEBERANG PERAI TENGAH, PULAU PINANG",KILOGRAM,9/6/2022,5,4.75,4.5
China round cabbage,"KINTA, PERAK",KILOGRAM,9/6/2022,4,3.5,3.5
China round cabbage,"PERLIS, PERLIS",KILOGRAM,9/6/2022,4,4,4
China round cabbage,"GOMBAK, SELANGOR",KILOGRAM,9/6/2022,3.5,3.25,3
China round cabbage,"KLANG, SELANGOR",KILOGRAM,9/6/2022,3.5,3.4,3.3
China round cabbage,"PETALING, SELANGOR",KILOGRAM,9/6/2022,3.6,3.6,3.6
China round cabbage,"KUALA TERENGGANU, TERENGGANU",KILOGRAM,9/6/2022,6,5,5
China round cabbage,"KOTA KINABALU, SABAH",KILOGRAM,9/6/2022,5,5,5
China round cabbage,"KUCHING, SARAWAK",KILOGRAM,9/6/2022,0,0,0
China round cabbage,"SIBU, SARAWAK",KILOGRAM,9/6/2022,5,5,5
China round cabbage,"MIRI, SARAWAK",KILOGRAM,9/6/2022,6,6,6
China round cabbage,"KUALA LUMPUR, W.P. KUALA LUMPUR",KILOGRAM,9/6/2022,4,4,4
China round cabbage,"LABUAN, W.P. LABUAN",KILOGRAM,9/6/2022,0,0,0
Indonesia round cabbage,"JOHOR BAHRU, JOHOR",KILOGRAM,9/6/2022,4,3.75,3.5
Indonesia round cabbage,"KOTA SETAR, KEDAH",KILOGRAM,9/6/2022,4,4,4
Indonesia round cabbage,"KOTA BHARU, KELANTAN",KILOGRAM,9/6/2022,3.5,3,3
Indonesia round cabbage,"MELAKA TENGAH, MELAKA",KILOGRAM,9/6/2022,4,4,4
Indonesia round cabbage,"SEREMBAN, NEGERI SEMBILAN",KILOGRAM,9/6/2022,0,0,0
Indonesia round cabbage,"KUANTAN, PAHANG",KILOGRAM,9/6/2022,0,0,0
Indonesia round cabbage,"SEBERANG PERAI TENGAH, PULAU PINANG",KILOGRAM,9/6/2022,5,4.75,4.5
Indonesia round cabbage,"KINTA, PERAK",KILOGRAM,9/6/2022,0,0,0
Indonesia round cabbage,"PERLIS, PERLIS",KILOGRAM,9/6/2022,0,0,0
Indonesia round cabbage,"GOMBAK, SELANGOR",KILOGRAM,9/6/2022,3,3,3
Indonesia round cabbage,"KLANG, SELANGOR",KILOGRAM,9/6/2022,0,0,0
Indonesia round cabbage,"PETALING, SELANGOR",KILOGRAM,9/6/2022,0,0,0
Indonesia round cabbage,"KUALA TERENGGANU, TERENGGANU",KILOGRAM,9/6/2022,0,0,0
Indonesia round cabbage,"KOTA KINABALU, SABAH",KILOGRAM,9/6/2022,0,0,0
Indonesia round cabbage,"KUCHING, SARAWAK",KILOGRAM,9/6/2022,0,0,0
Indonesia round cabbage,"SIBU, SARAWAK",KILOGRAM,9/6/2022,0,0,0
Indonesia round cabbage,"MIRI, SARAWAK",KILOGRAM,9/6/2022,0,0,0
Indonesia round cabbage,"KUALA LUMPUR, W.P. KUALA LUMPUR",KILOGRAM,9/6/2022,0,0,0
Indonesia round cabbage,"LABUAN, W.P. LABUAN",KILOGRAM,9/6/2022,0,0,0
Highland round cabbage,"JOHOR BAHRU, JOHOR",KILOGRAM,9/6/2022,6,5.5,5
Highland round cabbage,"KOTA SETAR, KEDAH",KILOGRAM,9/6/2022,5,4.5,4.5
Highland round cabbage,"KOTA BHARU, KELANTAN",KILOGRAM,9/6/2022,5.5,5,5
Highland round cabbage,"MELAKA TENGAH, MELAKA",KILOGRAM,9/6/2022,5,4.5,4.5
Highland round cabbage,"SEREMBAN, NEGERI SEMBILAN",KILOGRAM,9/6/2022,6,5.75,5.5
Highland round cabbage,"KUANTAN, PAHANG",KILOGRAM,9/6/2022,5,5,5
Highland round cabbage,"SEBERANG PERAI TENGAH, PULAU PINANG",KILOGRAM,9/6/2022,7,6.5,6
Highland round cabbage,"KINTA, PERAK",KILOGRAM,9/6/2022,5,4.5,4.5
Highland round cabbage,"PERLIS, PERLIS",KILOGRAM,9/6/2022,0,0,0
Highland round cabbage,"GOMBAK, SELANGOR",KILOGRAM,9/6/2022,4.5,4.5,4.5
Highland round cabbage,"KLANG, SELANGOR",KILOGRAM,9/6/2022,4,3.9,3.8
Highland round cabbage,"PETALING, SELANGOR",KILOGRAM,9/6/2022,5.5,5.5,5.5
Highland round cabbage,"KUALA TERENGGANU, TERENGGANU",KILOGRAM,9/6/2022,5,5,4
Highland round cabbage,"KOTA KINABALU, SABAH",KILOGRAM,9/6/2022,6.2,6,6
Highland round cabbage,"KUCHING, SARAWAK",KILOGRAM,9/6/2022,0,0,0
Highland round cabbage,"SIBU, SARAWAK",KILOGRAM,9/6/2022,0,0,0
Highland round cabbage,"MIRI, SARAWAK",KILOGRAM,9/6/2022,6,6,6
Highland round cabbage,"KUALA LUMPUR, W.P. KUALA LUMPUR",KILOGRAM,9/6/2022,5,5,5
Highland round cabbage,"LABUAN, W.P. LABUAN",KILOGRAM,9/6/2022,6,5.5,5
choy sum,"JOHOR BAHRU, JOHOR",KILOGRAM,9/6/2022,6,5.75,5.5
choy sum,"KOTA SETAR, KEDAH",KILOGRAM,9/6/2022,6.5,6,6
choy sum,"KOTA BHARU, KELANTAN",KILOGRAM,9/6/2022,4.5,4,4
choy sum,"MELAKA TENGAH, MELAKA",KILOGRAM,9/6/2022,5.5,5.25,5
choy sum,"SEREMBAN, NEGERI SEMBILAN",KILOGRAM,9/6/2022,6,5.75,5.5
choy sum,"KUANTAN, PAHANG",KILOGRAM,9/6/2022,8,8,7
choy sum,"SEBERANG PERAI TENGAH, PULAU PINANG",KILOGRAM,9/6/2022,6,5,4.5
choy sum,"KINTA, PERAK",KILOGRAM,9/6/2022,5,5,5
choy sum,"PERLIS, PERLIS",KILOGRAM,9/6/2022,6,6,6
choy sum,"GOMBAK, SELANGOR",KILOGRAM,9/6/2022,4.5,4.25,4
choy sum,"KLANG, SELANGOR",KILOGRAM,9/6/2022,6,5.5,5
choy sum,"PETALING, SELANGOR",KILOGRAM,9/6/2022,5,5,5
choy sum,"KUALA TERENGGANU, TERENGGANU",KILOGRAM,9/6/2022,7,6,5
choy sum,"KOTA KINABALU, SABAH",KILOGRAM,9/6/2022,7.5,7,7
choy sum,"KUCHING, SARAWAK",KILOGRAM,9/6/2022,12,12,12
choy sum,"SIBU, SARAWAK",KILOGRAM,9/6/2022,8.9,8.9,8.9
choy sum,"MIRI, SARAWAK",KILOGRAM,9/6/2022,15,15,15
choy sum,"KUALA LUMPUR, W.P. KUALA LUMPUR",KILOGRAM,9/6/2022,5,5,5
choy sum,"LABUAN, W.P. LABUAN",KILOGRAM,9/6/2022,8,7.5,7
long eggplant,"JOHOR BAHRU, JOHOR",KILOGRAM,9/6/2022,10,9.5,9
long eggplant,"KOTA SETAR, KEDAH",KILOGRAM,9/6/2022,9,8.5,8.5
long eggplant,"KOTA BHARU, KELANTAN",KILOGRAM,9/6/2022,7,6,6
long eggplant,"MELAKA TENGAH, MELAKA",KILOGRAM,9/6/2022,8,7,7
long eggplant,"SEREMBAN, NEGERI SEMBILAN",KILOGRAM,9/6/2022,9,8.5,8
long eggplant,"KUANTAN, PAHANG",KILOGRAM,9/6/2022,12,10,9.5
long eggplant,"SEBERANG PERAI TENGAH, PULAU PINANG",KILOGRAM,9/6/2022,12,11,10
long eggplant,"KINTA, PERAK",KILOGRAM,9/6/2022,9,9,8.5
long eggplant,"PERLIS, PERLIS",KILOGRAM,9/6/2022,6,6,6
long eggplant,"GOMBAK, SELANGOR",KILOGRAM,9/6/2022,8,7.5,7
long eggplant,"KLANG, SELANGOR",KILOGRAM,9/6/2022,8,7.5,7
long eggplant,"PETALING, SELANGOR",KILOGRAM,9/6/2022,9,9,9
long eggplant,"KUALA TERENGGANU, TERENGGANU",KILOGRAM,9/6/2022,8,8,8
long eggplant,"KOTA KINABALU, SABAH",KILOGRAM,9/6/2022,6,6,5
long eggplant,"KUCHING, SARAWAK",KILOGRAM,9/6/2022,10,10,10
long eggplant,"SIBU, SARAWAK",KILOGRAM,9/6/2022,9,9,9
long eggplant,"MIRI, SARAWAK",KILOGRAM,9/6/2022,7,7,7
long eggplant,"KUALA LUMPUR, W.P. KUALA LUMPUR",KILOGRAM,9/6/2022,8,8,8
long eggplant,"LABUAN, W.P. LABUAN",KILOGRAM,9/6/2022,8,7.5,7
cucumber,"JOHOR BAHRU, JOHOR",KILOGRAM,9/6/2022,5,4.75,4.5
cucumber,"KOTA SETAR, KEDAH",KILOGRAM,9/6/2022,6,5,5
cucumber,"KOTA BHARU, KELANTAN",KILOGRAM,9/6/2022,5.5,5,5
cucumber,"MELAKA TENGAH, MELAKA",KILOGRAM,9/6/2022,4.5,4.5,4
cucumber,"SEREMBAN, NEGERI SEMBILAN",KILOGRAM,9/6/2022,4,3.75,3.5
cucumber,"KUANTAN, PAHANG",KILOGRAM,9/6/2022,4,4,3.5
cucumber,"SEBERANG PERAI TENGAH, PULAU PINANG",KILOGRAM,9/6/2022,5.5,5,4.5
cucumber,"KINTA, PERAK",KILOGRAM,9/6/2022,4.5,4,4
cucumber,"PERLIS, PERLIS",KILOGRAM,9/6/2022,4.5,4.5,4.5
cucumber,"GOMBAK, SELANGOR",KILOGRAM,9/6/2022,3,3,3
cucumber,"KLANG, SELANGOR",KILOGRAM,9/6/2022,3.5,3.25,3
cucumber,"PETALING, SELANGOR",KILOGRAM,9/6/2022,4,3.75,3.5
cucumber,"KUALA TERENGGANU, TERENGGANU",KILOGRAM,9/6/2022,6,5,5
cucumber,"KOTA KINABALU, SABAH",KILOGRAM,9/6/2022,4.5,4,4
cucumber,"KUCHING, SARAWAK",KILOGRAM,9/6/2022,7,6.5,6
cucumber,"SIBU, SARAWAK",KILOGRAM,9/6/2022,3.1,3.1,3.1
cucumber,"MIRI, SARAWAK",KILOGRAM,9/6/2022,4,4,4
cucumber,"KUALA LUMPUR, W.P. KUALA LUMPUR",KILOGRAM,9/6/2022,5,4.75,4.5
cucumber,"LABUAN, W.P. LABUAN",KILOGRAM,9/6/2022,4,3.75,3.5
tomato,"JOHOR BAHRU, JOHOR",KILOGRAM,9/6/2022,6,5.5,5
tomato,"KOTA SETAR, KEDAH",KILOGRAM,9/6/2022,5.5,5,5
tomato,"KOTA BHARU, KELANTAN",KILOGRAM,9/6/2022,6.5,6,6
tomato,"MELAKA TENGAH, MELAKA",KILOGRAM,9/6/2022,5,4.5,4.5
tomato,"SEREMBAN, NEGERI SEMBILAN",KILOGRAM,9/6/2022,5.5,5.25,5
tomato,"KUANTAN, PAHANG",KILOGRAM,9/6/2022,5,5,5
tomato,"SEBERANG PERAI TENGAH, PULAU PINANG",KILOGRAM,9/6/2022,7,6.5,6
tomato,"KINTA, PERAK",KILOGRAM,9/6/2022,4.5,4,4
tomato,"PERLIS, PERLIS",KILOGRAM,9/6/2022,6,6,5.5
tomato,"GOMBAK, SELANGOR",KILOGRAM,9/6/2022,5.2,4.85,4.5
tomato,"KLANG, SELANGOR",KILOGRAM,9/6/2022,4.5,4.25,4
tomato,"PETALING, SELANGOR",KILOGRAM,9/6/2022,4,3.75,3.5
tomato,"KUALA TERENGGANU, TERENGGANU",KILOGRAM,9/6/2022,6,6,6
tomato,"KOTA KINABALU, SABAH",KILOGRAM,9/6/2022,9,8,8
tomato,"KUCHING, SARAWAK",KILOGRAM,9/6/2022,10,10,10
tomato,"SIBU, SARAWAK",KILOGRAM,9/6/2022,6.9,6.9,6.9
tomato,"MIRI, SARAWAK",KILOGRAM,9/6/2022,6,6,6
tomato,"KUALA LUMPUR, W.P. KUALA LUMPUR",KILOGRAM,9/6/2022,5.5,5.25,5
tomato,"LABUAN, W.P. LABUAN",KILOGRAM,9/6/2022,10,10,10
scallions,"JOHOR BAHRU, JOHOR",KILOGRAM,9/6/2022,8,7,6
scallions,"KOTA SETAR, KEDAH",KILOGRAM,9/6/2022,8,7,7
scallions,"KOTA BHARU, KELANTAN",KILOGRAM,9/6/2022,8,7,7
scallions,"MELAKA TENGAH, MELAKA",KILOGRAM,9/6/2022,7,7,7
scallions,"SEREMBAN, NEGERI SEMBILAN",KILOGRAM,9/6/2022,5,4.5,4
scallions,"KUANTAN, PAHANG",KILOGRAM,9/6/2022,10,10,8
scallions,"SEBERANG PERAI TENGAH, PULAU PINANG",KILOGRAM,9/6/2022,10,8,6
scallions,"KINTA, PERAK",KILOGRAM,9/6/2022,5,5,4.5
scallions,"PERLIS, PERLIS",KILOGRAM,9/6/2022,10,10,10
scallions,"GOMBAK, SELANGOR",KILOGRAM,9/6/2022,6,6,6
scallions,"KLANG, SELANGOR",KILOGRAM,9/6/2022,10,9.5,9
scallions,"PETALING, SELANGOR",KILOGRAM,9/6/2022,6,6,6
scallions,"KUALA TERENGGANU, TERENGGANU",KILOGRAM,9/6/2022,8,7,6
scallions,"KOTA KINABALU, SABAH",KILOGRAM,9/6/2022,12,12,11
scallions,"KUCHING, SARAWAK",KILOGRAM,9/6/2022,36,35.5,35
scallions,"SIBU, SARAWAK",KILOGRAM,9/6/2022,22,22,22
scallions,"MIRI, SARAWAK",KILOGRAM,9/6/2022,15,15,15
scallions,"KUALA LUMPUR, W.P. KUALA LUMPUR",KILOGRAM,9/6/2022,8,7.5,7
scallions,"LABUAN, W.P. LABUAN",KILOGRAM,9/6/2022,17,16.5,16
